project_id,project_name,project_type,genre,platform,development_phase,team_size,budget_million,timeline_months,completion_percentage,sprint_velocity_avg,feature_completion_rate,technical_debt_ratio,code_quality_score,architecture_complexity,bug_count_total,critical_bugs,bug_resolution_time,qa_coverage_percentage,user_acceptance_score,team_satisfaction,team_productivity,collaboration_score,innovation_rating,crunch_impact_score,market_potential,stakeholder_confidence,roi_projection,competitive_advantage,monetization_potential,start_date,target_release
1,Storm Kingdom 1,Indie Game,Action,Xbox,Pre-production,87,19.25592939977095,23,12.776184573808198,33.88516246631195,0.8289457467885165,0.39769983189088687,3.364600533178246,4,1396,21,10.650762792936026,72.26219528942816,4.778470005890229,7.046077002783015,3.990675457516626,3.888645310549826,4.930198194441596,4.114198679543309,4.297781678826489,3.767411029116488,1.1291517064876646,2.790560805268774,4.632249111374746,2022-01-01 00:00:00.000000000,2024-06-01 00:00:00.000000000
2,Storm Quest 2,Live Service,Adventure,Xbox,Production,40,18.621572976181756,54,31.569249861967283,39.31083575641462,0.7207348038989432,0.2921708968752299,4.94542870391902,6,1173,34,37.29694673200019,84.07367112197805,3.024799455663773,7.345593977785273,4.253691613531066,4.21401403580547,2.8749327512535188,2.469801777020433,2.2249200235730267,3.581837839400084,1.1514529576168604,4.257270361467455,4.177893232936084,2022-01-09 21:49:05.454545454,2024-06-14 05:05:27.272727272
3,Ice Empire 3,AR Application,Fighting,Xbox,Gold Master,14,39.06842695280669,9,62.83336801263641,37.287412974224196,0.8402196629837693,0.26821565804221864,3.1771498716714612,7,1840,2,2.725305213852121,67.09435179173313,3.872648582011151,8.703923255831318,4.985418156336385,4.626458935323037,4.373354413711837,2.6610984482606783,3.7128507169114555,3.4656342195800027,3.900238357144497,2.179353959082504,3.5431156771468792,2022-01-18 19:38:10.909090909,2024-06-27 10:10:54.545454545
4,Cyber Kingdom 4,Indie Game,Racing,PC,Alpha,74,4.429933766038268,39,96.91884630079514,46.0046677512101,0.7147034408383751,0.18803727778784152,4.683847839671629,7,1131,44,40.52582374046389,76.86847381869751,3.781223714964044,8.052365358832786,3.5200471290072377,4.496879245032621,3.514204810288961,2.811501145348931,2.888808600249021,3.2545510351722062,2.4859835895316755,2.924606990476996,4.900295932216228,2022-01-27 17:27:16.363636363,2024-07-10 15:16:21.818181818
5,Light Kingdom 5,DLC Content,Strategy,Mobile,Production,115,25.212437051579478,46,71.84874258494344,26.120189297520565,0.949402524609715,0.3332919297235846,3.1168766934454375,3,799,10,10.089832511677525,64.00811876153492,4.980272880150514,7.683055538006257,3.9058999675002912,4.149287607385105,4.875677942448789,4.5998738576617715,3.04995074588916,3.127170908297019,4.30079410978588,4.743266374040408,4.5938332965508,2022-02-05 15:16:21.818181818,2024-07-23 20:21:49.090909091
6,Space Kingdom 6,Game Engine,Sports,Mobile,Production,16,29.56521954429626,7,74.9172658365529,45.07411587402489,0.7686549227074251,0.10087124315623118,4.019799190690502,3,1564,43,26.508212813095497,71.00431444363832,4.676480475241904,6.300762058526147,4.771841063395179,4.4718439238739185,4.7986117065411324,4.742506717916873,4.426632144832531,4.060220309490473,1.398747777689036,2.676271631339406,3.544379671335656,2022-02-14 13:05:27.272727272,2024-08-06 01:27:16.363636364
7,Dragon Legends 7,Live Service,Strategy,PlayStation,Gold Master,74,22.410231382666964,20,44.71917974192054,45.46775792142136,0.8619689398708553,0.26357464062556,4.438513391473135,8,1836,47,44.810579787466125,69.30771667105732,3.2370259417734157,7.603048650476557,3.5666456372630133,4.542048745813382,3.100003808163886,2.8174003536324865,3.966685521617954,3.9661906067429324,1.7914606543794942,4.6411115599882695,4.411338302600118,2022-02-23 10:54:32.727272727,2024-08-19 06:32:43.636363636
8,Ice Legends 8,Indie Game,Racing,VR Headsets,Beta,5,40.27777862876204,20,87.01277660063771,47.436613086600225,0.8820669504910468,0.10263935060871661,4.112144136801573,7,1572,45,44.67657010273133,94.88867181099664,4.098525800690531,7.593723335844876,4.482783972294664,4.42297267760427,2.9011398729946727,2.084435508900313,2.6053663430867644,3.144250865035949,1.3896344065473536,4.91698167014877,3.887450688102233,2022-03-04 08:43:38.181818182,2024-09-01 11:38:10.909090909
9,Storm Legends 9,Indie Game,Fighting,PC,Beta,55,42.756943845799064,13,30.208884240515303,27.439744391445682,0.7617318335995461,0.4647713327104457,4.715591611597235,9,1767,9,7.775224369503098,85.90991657150255,3.821435595520157,6.35240875913743,4.608529255330647,4.014042436117191,3.972608274128036,3.9661712831432157,3.8241818745365013,4.987273081679053,2.6234834263670193,2.9354152628298884,3.002991700249796,2022-03-13 06:32:43.636363636,2024-09-14 16:43:38.181818182
10,Fire Quest 10,DLC Content,Sports,Mobile,Live Operations,30,21.671366235511137,9,29.337253225606545,49.718360801312826,0.7646619650050355,0.22769439275910763,3.174329964617666,8,1207,20,30.446708382969213,61.65941912829626,4.244490828346716,7.863207596163164,4.158816886593203,4.523528289970238,4.644786327495547,4.031947415592299,3.4203026087578334,3.524568996678882,2.8069166451497027,4.837912508036977,4.549966397515822,2022-03-22 04:21:49.090909090,2024-09-27 21:49:05.454545454
11,Cyber Empire 11,Indie Game,RPG,PC,Production,118,25.89253155726028,45,16.7501734861291,32.21300026496877,0.731238141292544,0.104421141222271,3.0277341428902247,1,497,14,7.124627274909633,67.08431789447344,3.8379681336060614,6.807750763149846,4.725046453385296,4.485799495472703,3.3332715111071454,2.271131793066301,4.051081166028121,3.3413399373128208,1.978291904094978,3.0603012645976397,3.6366142319480694,2022-03-31 02:10:54.545454545,2024-10-11 02:54:32.727272728
12,Space Realm 12,Live Service,RPG,Nintendo Switch,Production,96,38.39474051860925,48,48.05840758055664,32.15118991544422,0.9382006217179881,0.4824955778838942,4.979803786602489,2,342,33,40.78938027283557,91.7611212638671,4.793453094518659,8.721086844710388,3.6420634840750985,4.5254375096990564,4.252634381509562,2.072780141397716,4.978792265742702,3.571657081353399,3.214529216535138,4.617066267000158,3.2229652849424606,2022-04-09 00:00:00.000000000,2024-10-24 08:00:00.000000000
13,Cyber Wars 13,Live Service,Simulation,Mobile,Gold Master,64,48.31682310856389,15,30.19242226061886,45.1532311464842,0.8967635102653427,0.14380608069376044,3.5562842276124407,7,1373,3,8.048378978589088,86.56195752125114,4.150302417077499,8.536137095896818,4.747927594295913,3.813233331807341,3.141136684389998,1.7232693716070848,3.3851319434295712,4.810574923907675,0.8210254380403027,3.4645759272709675,4.711983588035901,2022-04-17 21:49:05.454545454,2024-11-06 13:05:27.272727272
14,Cyber Saga 14,VR Experience,Racing,Mobile,Production,72,17.741619836028086,7,55.28823607601082,36.39580031298776,0.8115746472060221,0.1453336396688545,3.4615263176484925,1,1551,7,13.59700706941765,83.7449578949791,3.060580271043597,8.32532029350357,4.546839066278265,3.860591610057627,3.7450721185666445,2.616601662000589,2.474417636479876,3.3080895281419913,1.472832492164007,3.7989871533948523,2.9277666282770487,2022-04-26 19:38:10.909090908,2024-11-19 18:10:54.545454546
15,Fire Kingdom 15,VR Experience,Action,VR Headsets,Live Operations,93,46.83362972248416,15,29.71234662023089,26.544594299483876,0.919682739194673,0.15826304145193673,3.185418793810114,9,1130,30,5.010241048482673,73.73364577031091,4.939136190373865,6.163761841797852,3.8941937073265924,4.539317637347908,2.7510890540575432,3.1466942783193157,4.140111257881129,4.514840759710057,3.1569962911171485,3.5018909273096925,4.284721823912124,2022-05-05 17:27:16.363636364,2024-12-02 23:16:21.818181818
16,Cyber Chronicles 16,Mobile Game,Sports,Web Browser,Beta,23,36.450626755202755,32,45.43592511562887,28.186006337702796,0.959064500604808,0.48717528273565636,3.6512314229448064,7,813,45,2.056759373648804,76.98451215246081,4.668201274114847,7.60162614365562,4.324941163167019,4.292469585270429,3.487597173739537,1.1095870313526706,3.865199183517948,4.533452672905051,4.118746941037609,3.873908419534448,3.35319312410584,2022-05-14 15:16:21.818181818,2024-12-16 04:21:49.090909092
17,Light Kingdom 17,AAA Game,Simulation,VR Headsets,Pre-production,102,10.13052572146059,41,94.29599223892089,29.0808816996897,0.7149597495342658,0.17067644483196515,3.9246463018566033,4,438,0,37.723204787634266,61.22015655486107,3.0830400717478117,7.471773563115025,3.7739694192052955,4.29562589516892,2.6098387245874655,4.907482601100197,3.9625665628518325,4.373391997365516,2.9408605282638023,4.47473054245642,4.583519462494512,2022-05-23 13:05:27.272727272,2024-12-29 09:27:16.363636364
18,Cyber Empire 18,Game Engine,Sports,PlayStation,Beta,80,25.22286133160636,16,61.382038707791516,44.68707279234097,0.996030577570977,0.3450305105231767,4.442456024776719,2,274,49,7.1428277443891215,81.9852206337439,3.00413778286868,7.39502797738699,4.582015461084931,4.818922149205105,3.7320904402310346,4.362129878954507,4.40777406416497,3.59154155413502,4.473881220429051,3.920848939427769,2.7604616202158994,2022-06-01 10:54:32.727272726,2025-01-11 14:32:43.636363636
19,Light Chronicles 19,Live Service,Fighting,PC,Gold Master,37,31.449212845474733,30,37.68342540384608,43.188058464311524,0.717850908215173,0.40263786353473585,4.032767099515607,4,1601,29,22.363440384926836,63.356824934502455,3.899843486739906,6.883367081234406,4.6668788306412665,3.906303267887759,3.628421384362643,3.365548174519628,4.957175759639165,3.1792162623841453,1.2786339831012574,4.964147480649503,3.5140628861572574,2022-06-10 08:43:38.181818180,2025-01-24 19:38:10.909090908
20,Cyber Legends 20,Game Engine,Sports,PlayStation,Production,18,14.16651440260979,9,82.60827031465732,33.682569246646935,0.8175742732909937,0.47491525787879063,4.243910184878842,8,1939,15,21.980229950512236,89.7178987896288,3.5028636124726242,8.580861108599024,3.742470416121812,3.9429257293384485,4.014230207397394,4.21855167117279,4.340158771117219,4.0872173311028295,3.4825052781297945,2.7745978721546063,3.8780522767072623,2022-06-19 06:32:43.636363636,2025-02-07 00:43:38.181818184
21,Cyber Heroes 21,DLC Content,Fighting,Xbox,Gold Master,6,17.68006219896987,48,80.21950671533342,30.985208566714874,0.7386571593734933,0.22294145611444313,4.588943495139407,1,1870,19,37.93785432205531,71.62784109971483,4.0175811588514785,6.060553399282259,4.56799381297527,4.590582033111542,2.7505093158342344,2.435220572473668,3.450640029374229,4.548212893741123,4.259147433681589,4.157476134825792,3.0396173796044654,2022-06-28 04:21:49.090909090,2025-02-20 05:49:05.454545456
22,Space Chronicles 22,DLC Content,Simulation,PC,Pre-production,36,26.579757003938916,10,82.12382951237461,45.82036440308298,0.9390928149813932,0.26324520759507936,3.6966045036907174,4,938,15,13.496316568765355,92.60727377164125,4.008129920200686,6.219591016844021,4.995803136182641,4.332514444423768,4.867472173700698,2.561134871091465,2.6742824078171843,4.473760220246652,2.616476116763228,4.644375852754389,3.6612277342073476,2022-07-07 02:10:54.545454544,2025-03-05 10:54:32.727272728
23,Dragon Legends 23,AAA Game,Adventure,Xbox,Production,57,23.458471336284063,51,19.697008505645485,46.33500172275161,0.9795477421902588,0.3955330680103444,4.978473402648547,6,1718,26,41.1030572360584,85.81535709925478,4.5214897079827345,6.534555594186154,4.242734229145998,3.8302954065232258,3.287722694495515,2.392078083067704,4.741070520610248,4.985565597862765,3.394532786509324,3.5503062531599734,3.600222335679015,2022-07-16 00:00:00.000000000,2025-03-18 16:00:00.000000000
24,Fire Wars 24,Mobile Game,Simulation,VR Headsets,Alpha,58,26.6990051562986,52,45.057701701299365,35.66007242038695,0.9925416970491503,0.365769940414606,4.702702141411223,6,1234,37,36.06958302865803,90.34751881728067,3.6473061723149867,6.666045818735142,4.005584898818066,4.799146776299587,3.544902820833858,3.616631720604343,2.223065291726673,3.5630778169627444,1.7577086848062962,2.1878727238215174,2.8015310279165733,2022-07-24 21:49:05.454545454,2025-03-31 21:05:27.272727272
25,Dark Saga 25,Mobile Game,Horror,Xbox,Live Operations,62,35.0544164560354,36,69.57790056668978,48.6544719444567,0.7733578128846018,0.23672850733406908,4.678619356884653,9,1953,33,19.33863992450474,82.6711756037168,4.820688326365411,8.38220005091289,3.876058869635777,4.49832393716043,4.159611559124889,1.3620498882953194,3.2814027363983587,3.622499874370596,1.4598785191351684,2.176014952877813,2.567839432692932,2022-08-02 19:38:10.909090908,2025-04-14 02:10:54.545454544
26,Space Arena 26,Live Service,Fighting,PlayStation,Alpha,36,8.709865224940918,52,48.504065389176816,38.012348629138906,0.9175850732047417,0.3600124759510208,4.706685600026314,5,1120,26,7.876504706705514,76.7327972405275,4.049115060811113,6.081790270159612,3.6055350440194083,4.723198992066072,3.2169708952169374,2.3845805989749334,3.9212186807253766,3.4414292530007886,1.6100228499390226,3.264623088412955,2.6474917336134425,2022-08-11 17:27:16.363636364,2025-04-27 07:16:21.818181820
27,Ice Realm 27,Game Engine,Horror,Mobile,Alpha,28,47.41078461666921,11,45.80175848356645,26.841638717154755,0.9118497110440283,0.2102854200442913,4.0413189664805635,3,804,36,44.55884005947757,77.5405262759825,3.2001329916358556,7.023164358555617,3.56910070014645,4.383984976090548,2.8058580396311044,2.892430084451332,2.9165236512903645,4.523166804980268,2.8254721874259614,4.544555872563698,4.853370947147724,2022-08-20 15:16:21.818181816,2025-05-10 12:21:49.090909092
28,Space Empire 28,Game Engine,RPG,VR Headsets,Gold Master,35,43.47740550500789,40,30.923615120373118,48.72106362001658,0.8211005145299213,0.15996200401936247,3.043277730261372,6,1332,39,44.69168007339297,85.19141517551388,4.7720210695188925,6.208634046631861,4.239102011121105,4.421315338253519,4.222597201585405,1.4674330158362756,3.9703678401628175,3.291987101738865,1.0839737902931719,3.4079576237141387,4.000938215054326,2022-08-29 13:05:27.272727272,2025-05-23 17:27:16.363636364
29,Shadow Legends 29,Indie Game,Puzzle,Mobile,Gold Master,51,23.718617193848075,31,30.065413541907983,42.66512730517544,0.7343431275584422,0.23585432936608064,4.546173526883645,3,841,17,46.07719361355517,86.63765979508372,4.614118575635505,6.668254949645827,4.136657972053744,3.875029604364713,2.773498720549571,1.8838361750351096,2.909703892663436,4.994369605863947,2.5727719737393895,4.0936273488018795,4.761117941831545,2022-09-07 10:54:32.727272728,2025-06-05 22:32:43.636363636
30,Fire Legends 30,DLC Content,Puzzle,Mobile,Beta,86,22.841088600403726,6,63.780122856090806,33.0849953441276,0.8092763660115452,0.1108730995358907,3.511670474105455,3,1940,12,23.802836169599058,64.6971641504083,4.495623495156881,7.731992766973321,4.268811813633421,4.759489754872103,4.33140456157198,1.5970791678283143,3.261295455326473,3.6425411100114413,4.1686916396627405,4.157110352513764,3.680025219513328,2022-09-16 08:43:38.181818180,2025-06-19 03:38:10.909090908
31,Dragon Arena 31,Indie Game,Puzzle,PC,Pre-production,10,6.162267519251826,59,75.12164183147854,41.554883929698036,0.9454696375616602,0.3046468280485456,4.794074125446961,8,1710,26,25.431816255171945,91.9228776119616,3.487392071573528,8.085106327113609,3.8639236822474796,3.901392476402551,4.8843596940831,1.5189015182233176,4.058579754642123,3.8491174517677207,4.315825739847049,4.319606549111175,2.8594210613618314,2022-09-25 06:32:43.636363636,2025-07-02 08:43:38.181818184
32,Storm Kingdom 32,Mobile Game,Simulation,VR Headsets,Production,108,40.5966536265834,26,26.312282630137894,39.8591369441622,0.8885819769204263,0.29190224846335,3.7454788253820985,7,1714,29,47.97980974900637,78.19308281509701,4.136019069459008,8.780425139027908,4.654689168954424,3.984742446249559,4.4812222875543535,1.9237613323722371,3.29074348019412,4.065016491118911,3.8113970558779604,2.4504508931667335,2.69042463697025,2022-10-04 04:21:49.090909088,2025-07-15 13:49:05.454545456
33,Shadow Saga 33,Game Engine,Fighting,PC,Beta,11,43.00023649326192,39,33.15074370229084,37.03481018011361,0.9852393972928821,0.43513300542501443,3.931094998503646,8,520,28,31.359090166874594,74.16589847506727,3.223315082057978,8.255290912062808,3.9754585587987785,4.466936505712375,3.924043080136974,3.7984923089375884,3.612863322896666,4.260823106597031,1.142478158732579,3.995836018005544,2.98547723799675,2022-10-13 02:10:54.545454544,2025-07-28 18:54:32.727272728
34,Shadow Realm 34,AR Application,Action,Web Browser,Production,74,5.207720221295302,48,97.06929858967555,33.04927393764658,0.9359800576721278,0.14818358180797314,4.1251653954699545,8,368,16,41.04095339222763,73.97357474125934,4.51896566681013,6.176113258884033,3.584640446568772,4.164978522653208,2.9921174152979626,3.0741543345793434,2.5496073836073005,4.951147752474346,4.3746415505331475,4.947601097146947,4.519407563386615,2022-10-22 00:00:00.000000000,2025-08-11 00:00:00.000000000
35,Ice Empire 35,AAA Game,RPG,Xbox,Alpha,85,39.51739994028173,26,94.40343161429134,25.996430126516557,0.8308513009463888,0.30447444236612153,3.879903576547011,6,1486,30,44.46951422624237,64.39266836276224,4.992221974636234,8.909467543574522,4.440697119882426,4.707992439757059,2.5460924488379715,4.881542158763028,3.368941779467153,4.819400444832905,2.417524394018595,4.364529403220965,3.544864643720984,2022-10-30 21:49:05.454545452,2025-08-24 05:05:27.272727272
36,Storm Heroes 36,AAA Game,Action,Xbox,Beta,100,45.95826288533058,46,40.02773230146683,27.98391036072201,0.8888932623387362,0.25703922757228886,3.1485538532117907,7,1657,26,39.64997259751251,92.84212055454373,4.620141579101469,8.854517505481212,4.845667554592473,4.784423441383404,3.113600322372151,1.9246753200899471,4.428269325947438,3.9827693451084403,4.757712720393097,4.691776149203873,4.732945622631048,2022-11-08 19:38:10.909090908,2025-09-06 10:10:54.545454544
37,Shadow Kingdom 37,VR Experience,Simulation,PlayStation,Live Operations,24,25.112657433496146,14,93.59461331991145,39.19665654496801,0.8578683243899721,0.4388334254955949,4.023780066489641,4,465,4,46.11995906013486,74.81067329063399,3.519276175051192,7.707727619982517,4.716115612648903,3.8245655278257273,3.8952542155727365,4.345249644891792,2.6468712689876375,4.843365959002933,3.2263216082730386,3.5501793122664456,4.909153793651811,2022-11-17 17:27:16.363636360,2025-09-19 15:16:21.818181816
38,Shadow Heroes 38,AAA Game,Simulation,VR Headsets,Gold Master,49,0.8205460174426362,24,60.53297418218906,32.70271542716222,0.7783251518129228,0.4373004005285246,4.434688503009111,2,842,3,46.61068938034232,62.84595576470006,4.676506300036609,6.632340630986465,4.0883944421134935,4.270667387112919,4.156753126935854,3.186649449780967,2.5582519510910036,3.060032973261178,3.8122961836601545,3.514768903875797,3.4044646117085424,2022-11-26 15:16:21.818181816,2025-10-02 20:21:49.090909088
39,Ice Arena 39,Indie Game,Horror,Web Browser,Gold Master,112,42.67201584816567,52,63.92374197063056,26.179276082996058,0.9106796106901827,0.31524275186964307,4.424094615675148,5,498,29,26.80293981112841,81.0871765971807,4.455494972559818,7.6326503201210265,3.982715668329849,4.139904191368462,4.237633650969455,3.655407833019201,3.266008114940534,3.7070780567136,3.404536902926351,2.936482135013471,4.908161451523306,2022-12-05 13:05:27.272727272,2025-10-16 01:27:16.363636368
40,Dark Saga 40,AR Application,Fighting,VR Headsets,Live Operations,32,18.759988530468608,47,58.43794511226425,36.94879018911748,0.9428179753655048,0.13978533157569648,3.3346577515635367,5,1672,4,31.512162154066203,61.326570949858315,3.6811475156518303,6.433715611242261,3.8447091335321186,4.220787812196903,3.733526457095339,1.3727978984064837,2.3039575458895696,4.348089715588668,2.4973560914143524,2.52956585946411,3.0872926998838444,2022-12-14 10:54:32.727272724,2025-10-29 06:32:43.636363640
41,Shadow Kingdom 41,Live Service,Strategy,PC,Beta,75,44.3288605631165,8,72.0281468746312,34.61959345876933,0.8893708809078942,0.3559394985587191,3.664399743199681,6,1976,36,16.464238686501485,88.04295553746093,4.001816532985009,7.390957190590639,4.0798443572633,4.121227847221198,4.798769655483715,3.9632601676755908,3.3221087903324005,4.503129232005996,3.8181186949279846,2.802012505437338,2.9403307522799493,2022-12-23 08:43:38.181818180,2025-11-11 11:38:10.909090912
42,Dragon Quest 42,Live Service,RPG,PlayStation,Beta,47,35.6668803268256,23,44.25366252762408,46.41429262105973,0.983028397068515,0.3456249246863523,4.124779311925219,8,628,14,22.36448275975889,93.52378533724655,4.005807495823989,6.397200262728336,3.9369007585022517,4.489470632656049,2.529973696406829,4.872401305677084,3.7009304881694196,4.408278361714257,2.8956366549398656,4.873772600722386,3.973052628854136,2023-01-01 06:32:43.636363636,2025-11-24 16:43:38.181818184
43,Fire Realm 43,AR Application,Strategy,Mobile,Beta,61,12.692747554451515,20,92.25087612055562,47.59912608510629,0.884577506066008,0.4865154895175171,3.9821065662759736,8,1411,0,20.198404576694937,78.02821734695851,4.556299159776141,7.003444191232573,4.970504515472593,4.608313069690609,3.8324197702868266,2.3230597240761877,3.9261459698454377,4.346126074001572,3.6525644824613472,3.7585977131751522,3.5012104805416717,2023-01-10 04:21:49.090909088,2025-12-07 21:49:05.454545456
44,Light Heroes 44,AAA Game,Adventure,VR Headsets,Pre-production,50,44.695467299021296,48,82.21372274317132,39.43299575770578,0.8568890686192158,0.21785689161775246,4.819166047632333,2,242,17,11.011828663341088,76.84784480773492,3.446193040308616,8.690453012375405,3.5048440144898905,4.040239973060737,3.522584952825003,1.8845463508500542,4.920743976462354,3.488053189001007,2.321722738696824,2.522214942413167,4.81667352159369,2023-01-19 02:10:54.545454544,2025-12-21 02:54:32.727272728
45,Fire Empire 45,DLC Content,Simulation,Mobile,Production,79,20.96935952619849,29,22.821434771998852,39.86439964071273,0.9484041141965773,0.32453662011196316,3.330175124405324,1,1949,42,40.550481623115516,92.2523314235544,4.194072979718349,8.645340002387114,3.626758368646454,4.051178943548984,3.2931515924786146,4.092666829323502,3.452719535102328,3.6966949238143245,1.4638927364726884,4.431928982970295,2.551308551422175,2023-01-28 00:00:00.000000000,2026-01-03 08:00:00.000000000
46,Dragon Empire 46,Mobile Game,Action,Web Browser,Beta,19,46.952534460799946,9,23.588337134130352,32.250018663770454,0.9846845586887772,0.18492302924361034,3.449475820600566,4,273,31,36.42922001059255,72.52698308501262,3.8021931365150357,8.42271469697808,3.9005141847934124,4.219558620654531,2.5337325029838587,3.2212830922134037,4.554391400498057,3.0557825737968125,3.3779167529154597,4.536345598375807,3.7348297116931386,2023-02-05 21:49:05.454545452,2026-01-16 13:05:27.272727272
47,Cyber Saga 47,DLC Content,Horror,PC,Pre-production,115,15.216690088775032,24,25.894533470184477,41.049284266676935,0.7069742903539435,0.42295075198567644,4.948448531671543,9,185,45,7.330661636298583,85.09299766142374,4.6971463624327985,8.165912414611045,4.869297058840577,4.779086255614259,4.445468196467084,4.592507680310868,2.5016708114218846,4.462722134741487,3.9654417346169133,2.461929725400528,4.773958179919519,2023-02-14 19:38:10.909090908,2026-01-29 18:10:54.545454544
48,Shadow Chronicles 48,AR Application,Action,Mobile,Live Operations,49,30.344857245229065,15,79.17177061708166,43.05554000853573,0.7305632325332203,0.2669754104577953,4.6319009961304545,1,470,4,6.783983382870237,75.41333188397508,4.998947262105513,6.364100952005206,4.722539560849835,4.679128845774847,3.6126024553646756,4.953060759415026,2.92390498825789,3.631564433021672,1.4400574763270284,3.109263186350286,3.2410348928557036,2023-02-23 17:27:16.363636360,2026-02-11 23:16:21.818181816
49,Light Chronicles 49,Game Engine,Fighting,VR Headsets,Beta,61,42.20331959877037,31,77.48343028604336,43.60352033757784,0.8060904577464343,0.37969740801650953,3.513070855661809,8,1155,23,21.257991121579547,94.65224589631289,3.2190304946792776,6.563637702818806,4.267386028474229,4.755135910569265,3.3848827748093626,4.349871497039458,3.276357759434443,4.705984070064239,1.9652120075759385,3.4156752429484563,3.196828290085977,2023-03-04 15:16:21.818181816,2026-02-25 04:21:49.090909088
50,Dragon Arena 50,VR Experience,Simulation,Mobile,Alpha,5,18.248393456899056,11,66.18824413154574,48.84330163110671,0.716876053630951,0.20964187506529908,4.999363069430336,6,1608,21,27.44544785579228,82.0455030447433,4.15190982487179,6.413147824440665,4.543069085127342,4.196479352192336,3.7907370828752676,2.4626150949443697,2.065999610668789,4.7531076426285885,1.4246804618359614,3.746519188315563,4.707827534032827,2023-03-13 13:05:27.272727272,2026-03-10 09:27:16.363636368
51,Space Kingdom 51,Live Service,Horror,Web Browser,Alpha,50,2.1622390323621588,34,53.932938165910286,27.345753188549956,0.9677387978069094,0.3600630992059475,3.1128538651715965,2,1441,2,27.03993994279495,88.78529909169109,4.438271054591516,8.33850261751308,4.401015699566288,4.591533786730948,3.5042874139157956,1.3399282241889359,3.249756144284084,3.3468008033513676,3.4433929518771205,2.789727052462273,4.895353743901776,2023-03-22 10:54:32.727272728,2026-03-23 14:32:43.636363640
52,Fire Arena 52,Mobile Game,Adventure,Nintendo Switch,Pre-production,5,14.060689228227167,44,68.81092703186643,38.304290479672375,0.7981386430506293,0.21699765941064306,4.159022490347991,2,1642,41,27.5470235022041,81.48784517549828,3.8603113143636736,8.703951526786389,3.992553979095682,3.87389620920203,4.1796324874266375,3.420881009373278,4.967175531748886,3.4626165619525238,2.461076422938003,3.383539390881949,4.65376971796628,2023-03-31 08:43:38.181818176,2026-04-05 19:38:10.909090912
53,Fantasy Arena 53,Live Service,Puzzle,PC,Beta,118,29.30912188290794,59,47.71654601953927,27.056518073999616,0.9764150565994245,0.34952750697432033,4.924912525162094,9,1667,42,44.35033495338445,61.45392430385647,3.524941732429231,7.246719130394027,4.4601464848793615,4.468939407622071,3.1152654140808838,1.7712157818150809,3.3122353234060045,3.5012387195214014,4.853469774729772,4.896377566145923,2.7833817981640956,2023-04-09 06:32:43.636363632,2026-04-19 00:43:38.181818184
54,Storm Realm 54,AR Application,Simulation,PlayStation,Gold Master,59,19.03702071249293,25,90.71172890345152,30.40756009077844,0.7346702997125935,0.3267298152659649,4.0349185023075425,3,1481,1,21.023277840141574,84.98895214058844,3.154855964095522,6.171130017868637,4.2573766987073,3.897934732497914,4.847828575004961,3.6169649902707475,4.260945569419065,3.4577455277456552,2.8749105916441104,2.401538588736744,3.0077591741345184,2023-04-18 04:21:49.090909088,2026-05-02 05:49:05.454545456
55,Ice Wars 55,Indie Game,RPG,PlayStation,Alpha,98,43.11779328963998,8,61.71606501882076,30.712088699751174,0.9894621788162634,0.45032279554053645,4.190795837350789,8,891,20,19.159759893519496,63.30865685943298,4.823889713256705,6.106152387328416,4.13864716523594,4.747956555341101,3.128455847755562,1.4200490822471807,2.3810129947451104,3.809870188420299,2.6000438090310745,4.154230812078789,3.0948216601620957,2023-04-27 02:10:54.545454544,2026-05-15 10:54:32.727272728
56,Fantasy Realm 56,Game Engine,Fighting,Xbox,Live Operations,28,20.80216161951351,10,61.32465022249939,31.840753143164115,0.9744949778794216,0.4376779102350473,3.1692225230077717,5,1425,24,16.81595180689297,72.0144275007448,3.6400366299438494,7.548075538533583,4.369660582657269,4.268198981166905,3.531447393001259,3.9492551785021286,2.0090826148337695,4.893772923108594,3.8006213557720248,4.121757585750253,3.5549084155214628,2023-05-06 00:00:00.000000000,2026-05-28 16:00:00.000000000
57,Cyber Arena 57,Indie Game,Simulation,Mobile,Production,22,29.940614066369918,15,87.57467513859515,33.88991087592417,0.7478501550713225,0.4193794458727388,3.056612178410317,3,553,35,27.765061768047403,81.79409726713476,3.622876137472202,7.898327744906217,4.432991410309047,4.793818553564791,3.0940090946135124,3.790439303173739,3.3522841192824027,3.2598313493768862,2.1279672279161854,2.171831103341087,3.2983320796308315,2023-05-14 21:49:05.454545456,2026-06-10 21:05:27.272727272
58,Space Kingdom 58,AAA Game,Racing,PC,Pre-production,19,20.39164135123236,48,52.09035021953494,26.348155400038795,0.8787357050277307,0.19390735350257948,3.353316807343922,4,836,25,35.597414534938174,80.6937869365068,4.65868254744279,6.175157591010056,3.852378567087745,4.423688652428389,4.7010705811136635,4.25372669125287,4.038594016806885,4.148144070749123,3.4521287954102764,2.6408232563475234,3.9879829687980184,2023-05-23 19:38:10.909090904,2026-06-24 02:10:54.545454544
59,Light Kingdom 59,VR Experience,Simulation,Nintendo Switch,Production,62,45.465947842550335,10,30.6985782675337,30.38348468354757,0.9831448738950173,0.2779209711874674,4.610729407187408,9,1198,30,40.28601920708676,78.18175350658173,4.41011191970549,8.892084483025242,4.178068159891194,4.343625362137297,4.30700938043454,2.545706242625647,4.883689174042152,3.0808715397728257,2.494187162322352,4.1415532011204865,3.573451564553911,2023-06-01 17:27:16.363636360,2026-07-07 07:16:21.818181816
60,Fire Chronicles 60,Indie Game,Strategy,Nintendo Switch,Production,91,31.959433019816537,8,70.43706857586108,40.296126523101364,0.8681340446179594,0.2564629082980725,3.1444006152422985,1,988,9,4.987866563522424,87.07058532679689,3.2105730064126847,8.319874334055065,3.915536073737198,4.599285463394431,2.6225014970796363,2.338381654760702,3.3938734491342704,3.0413501354642225,1.559563054170093,2.5063943885384283,3.7035042806072567,2023-06-10 15:16:21.818181816,2026-07-20 12:21:49.090909096
61,Fire Realm 61,Indie Game,Adventure,PlayStation,Alpha,45,12.093395039461049,52,38.99419148980812,36.09478258030282,0.8974103034320757,0.3139375071049828,4.1029144958027715,6,1096,0,28.09284868757964,79.40034037702628,3.2240944385490087,8.371325598956581,4.358170458169378,3.858871093008605,4.62590114363401,3.9178326417599534,2.8666675399311314,3.5720785415715164,2.919807319782948,2.0216954062976726,4.524051662378119,2023-06-19 13:05:27.272727272,2026-08-02 17:27:16.363636368
62,Ice Quest 62,Game Engine,Adventure,Mobile,Live Operations,12,5.994205641944103,22,50.297193611837535,26.70832203084708,0.9192164105529028,0.2502104502156957,3.605658008489111,5,1308,11,38.381385834229576,89.05523598258094,3.5787468034125096,7.1018601361531335,3.8600920993225643,4.1899551943424465,3.904762894487892,4.456121805009095,3.6415502116009706,4.393372298930687,1.3703207650296183,4.818704063636515,3.9579427729752323,2023-06-28 10:54:32.727272728,2026-08-15 22:32:43.636363640
63,Fire Realm 63,AR Application,Horror,Web Browser,Live Operations,15,43.46801408804667,53,39.6480298467102,47.28466060707249,0.743144548582212,0.4163328270151533,3.83474365708737,3,213,28,5.137083925146176,87.87054412539855,3.1393777674963985,6.944378135336988,4.469348381961767,4.29201727851304,3.9131421881718147,4.864768483706175,4.45597027464805,3.7273391143615955,3.3197674661527996,2.1454490841112697,3.632245592852528,2023-07-07 08:43:38.181818176,2026-08-29 03:38:10.909090912
64,Dark Empire 64,VR Experience,Sports,Web Browser,Live Operations,56,33.245166545231285,27,49.005937011763145,39.124210081360324,0.703891530675785,0.4837094459412684,3.2175429396567425,5,63,17,34.39453931005031,93.83416173333339,3.0393799106441235,7.063645330493273,4.214678007277511,4.661233933845647,4.136329741543485,3.944036414984011,2.433985432151069,4.689530911665775,4.253348589772585,4.306737431003544,4.544874789934994,2023-07-16 06:32:43.636363632,2026-09-11 08:43:38.181818184
65,Shadow Quest 65,Mobile Game,Strategy,Mobile,Pre-production,70,8.364884850580172,50,76.6879360474947,37.37497674699016,0.7940666389609778,0.1760384261794398,3.045302458023229,2,889,0,41.48414429382844,94.40040285678725,3.9154803089429295,6.346710011294123,4.374526145483157,4.431266463780352,2.833384359562387,3.5877210553501557,2.9481885361185736,4.690983808428464,3.2692553282766275,3.298852825865444,4.908294816478565,2023-07-25 04:21:49.090909088,2026-09-24 13:49:05.454545456
66,Shadow Quest 66,AAA Game,Racing,Mobile,Gold Master,6,4.652466010765919,33,90.50435392590578,45.736555321311826,0.992711825228656,0.39989355432550233,3.5429765224387855,5,1173,37,37.75688942092361,84.78427714391536,4.142954236478166,7.9731616942712815,3.7529387667029925,3.8219268920287575,4.8278402568977565,4.7411387807706795,4.363912342941955,3.7446084050110344,1.4331529244586672,3.071996363172022,4.31558366689196,2023-08-03 02:10:54.545454544,2026-10-07 18:54:32.727272736
67,Dragon Wars 67,VR Experience,Adventure,Xbox,Alpha,95,3.3886096318271193,39,94.50318022490099,30.678061289173314,0.8117749465943432,0.4307124701475039,3.4173142155437466,4,1026,26,44.37966296129178,87.67189810643158,4.8212023570511136,6.312525653629175,4.942362401266147,4.058019403693748,3.921174913143835,3.067309994313379,3.6933862874407275,4.404059099965125,3.066309723683057,4.066243925746023,3.8359713242406346,2023-08-12 00:00:00.000000000,2026-10-21 00:00:00.000000000
68,Light Wars 68,Indie Game,RPG,PC,Alpha,26,33.11375963839118,50,88.74794862981554,33.3138855746106,0.8334646108324089,0.1489776840265991,3.9004685747785084,8,1859,9,12.612275120841423,71.62248651156251,3.9412492152512546,8.688529898143583,4.520635547707254,3.9888003640630125,4.6986185798237745,3.0021720193155375,2.6127619578565118,4.0548763399990095,1.601887826422698,3.101975306542274,4.513809633462455,2023-08-20 21:49:05.454545448,2026-11-03 05:05:27.272727280
69,Shadow Quest 69,AR Application,Sports,Web Browser,Beta,30,0.8440413343722759,40,12.07936788610494,48.61686988512792,0.7263787785693356,0.36348309763649844,4.6220485121822605,1,534,40,2.267156064712411,77.77002543654312,4.818015469555178,7.223670778701628,4.810495087172332,4.842336678752705,3.094666162238389,1.0406201862961892,4.218707541710212,4.158020589679174,2.258025574276119,3.1028113933590697,2.702443131249363,2023-08-29 19:38:10.909090904,2026-11-16 10:10:54.545454544
70,Space Heroes 70,Indie Game,Action,VR Headsets,Gold Master,95,24.51118909064611,45,85.54736860967232,44.09588731492441,0.9292522245372934,0.31110131816041303,3.3390527375201877,1,599,0,33.13800089931466,85.61377651234253,4.462971341349846,6.370067232060362,3.570668789593393,4.568239276701411,2.5935418047604992,4.2470192515987355,3.7734137455474235,3.227020653426596,3.5690305478266735,3.8189211272577834,3.4407738441147426,2023-09-07 17:27:16.363636360,2026-11-29 15:16:21.818181824
71,Dark Realm 71,AR Application,Horror,Web Browser,Production,105,37.725544810191835,14,27.156169947316922,38.69291137462552,0.8740438049954099,0.4774496254474141,3.937362669313111,9,1676,18,4.491863970291856,62.4028751050791,4.148333852756027,6.528785874248431,4.777425643101249,4.456119001770555,4.6622163946306125,2.70984732903801,3.787330985005208,4.050856606284838,4.944042348585973,4.390459679729837,3.98850020548797,2023-09-16 15:16:21.818181816,2026-12-12 20:21:49.090909088
72,Dragon Wars 72,Indie Game,Sports,PlayStation,Live Operations,51,6.906849624550627,25,22.057365377316763,33.70228593245357,0.7446296758950803,0.40277650695021416,3.5328974282305357,8,1768,42,8.424885521586656,81.78158679889457,4.736411515440461,6.103870673806173,3.54017962382019,4.888833101738591,4.183186413884682,1.5627808869696351,2.920075969743153,4.970010306546039,1.7543096110265333,4.258479695384315,3.1029551928640564,2023-09-25 13:05:27.272727272,2026-12-26 01:27:16.363636368
73,Fantasy Legends 73,AR Application,Simulation,Mobile,Beta,54,24.616039065831885,24,62.83669592843762,44.09744151135366,0.7212883517390948,0.23392789967914404,3.537131687333699,4,947,13,28.937199685807535,70.433349757925,3.2133322412614147,6.869170440120837,4.206138708365039,4.125829237631084,4.0604233028851535,4.796354887927809,2.207814692051278,4.434008721348662,0.8052769097961154,2.0030644971516325,2.8322983867758396,2023-10-04 10:54:32.727272720,2027-01-08 06:32:43.636363632
74,Dragon Chronicles 74,Indie Game,Simulation,Nintendo Switch,Alpha,107,9.548875126740949,29,31.379554539365508,39.482453427972246,0.7785344244897677,0.1856389042743905,4.636778828705071,3,1777,28,7.373430132700747,75.07568413358402,3.6966158315935553,8.185748141180733,3.6019602572351057,4.83731114198679,4.892920413331224,1.3533790431742259,3.301890965632112,4.798291690553623,1.5865814946458707,4.076641697163939,4.278035388350075,2023-10-13 08:43:38.181818176,2027-01-21 11:38:10.909090912
75,Storm Heroes 75,AR Application,Horror,Xbox,Pre-production,44,32.660598685267374,11,50.56102428090634,26.531011153324428,0.7787105399054778,0.19779647820270882,3.5932302681848123,7,104,11,17.59728577310476,87.58807232267415,3.8357203520138565,7.567208072535461,3.718324400629242,4.056184988472563,4.318888088552221,4.908168946078724,4.113960666889645,3.1083967716441574,1.4001436834416625,3.3373356258027496,4.331432157232351,2023-10-22 06:32:43.636363632,2027-02-03 16:43:38.181818176
76,Space Quest 76,Indie Game,RPG,Mobile,Beta,39,30.87216539550496,20,32.38723594224605,43.0047434231957,0.9532043104756897,0.44851632312752887,3.0589061052352227,2,289,19,47.219152234480674,93.25549927349698,3.1346124839426293,6.068064993567163,4.245602954682113,4.0988979285476335,3.7614161912402637,1.3626931940091334,4.72658760391077,4.548199603150538,3.1188893839914105,3.3952129491847662,3.671235197085946,2023-10-31 04:21:49.090909088,2027-02-16 21:49:05.454545456
77,Dark Empire 77,Indie Game,Simulation,Nintendo Switch,Production,105,38.36655610150394,12,45.22486048396788,35.35809935038997,0.7295595303494152,0.2658181633944475,4.571584589949402,1,295,20,27.605609805327536,92.41459100314947,3.4285535711282344,7.037568602460604,4.082484756725762,4.2216339727017855,4.001556485410901,2.575080986351536,4.022163489479196,3.969120656599951,1.4620288919309998,4.845704706414488,3.098790858618373,2023-11-09 02:10:54.545454544,2027-03-02 02:54:32.727272736
78,Fire Heroes 78,Mobile Game,Sports,Nintendo Switch,Live Operations,44,11.786673486147208,6,79.2985704774001,31.556316905601804,0.9101846912251017,0.4660592788480429,4.180476577034998,5,1990,0,43.87981456511854,67.93255932006217,3.4516002252857296,8.639606649102758,4.332355226292478,4.6793857753274395,4.5062218663328455,3.587845279785951,2.56722116730916,4.384188070057353,1.0672656004093442,2.6020041385060826,4.10727958092344,2023-11-18 00:00:00.000000000,2027-03-15 08:00:00.000000000
79,Shadow Quest 79,Live Service,Adventure,PlayStation,Alpha,63,27.795153687496228,21,63.446690043913485,49.4949780772467,0.8874399730570397,0.14917384103632989,4.825375906940659,5,760,21,26.40113883169463,93.9517586247529,3.9234015935772693,6.039776535425705,4.205186532040249,4.82287037202287,2.739653383961183,1.8918698261334668,4.146677799528906,3.5882013710926866,4.0140118604603545,3.257972712481317,4.490167812057352,2023-11-26 21:49:05.454545448,2027-03-28 13:05:27.272727280
80,Dragon Realm 80,Indie Game,Adventure,Mobile,Pre-production,68,31.43147621940807,19,33.667270120184696,27.931196185153585,0.8868001559344703,0.18960661303020554,3.0952404780308584,3,1649,41,26.568023939336776,74.30876267413859,4.793269256878309,7.492084811025711,4.420083715697743,4.884411475317481,3.8059799263620917,4.134010458454149,3.2414766665911365,3.0726808510954315,4.304782694906462,4.833213781870157,3.5859550609674233,2023-12-05 19:38:10.909090904,2027-04-10 18:10:54.545454544
81,Dark Realm 81,DLC Content,Sports,PC,Alpha,78,7.91072341162869,36,27.358520486525357,32.072554132548305,0.9405312328208367,0.47811405680472985,3.544566418526136,3,768,33,45.89672914682742,87.93523883258271,4.388828089520501,8.776529161983984,3.7405245967157517,4.2135559868561145,4.607354648007696,1.406341828572184,4.806342047236175,4.49031092311362,2.6451983202900013,3.0161640985152665,2.8690160079054476,2023-12-14 17:27:16.363636360,2027-04-23 23:16:21.818181824
82,Cyber Quest 82,AR Application,Puzzle,Mobile,Beta,102,22.83186458600325,56,97.64025296364346,37.67627905869843,0.9542548291960342,0.1682223776334998,4.770513307591966,2,1260,9,47.66600806191542,81.670937540405,3.5903115663122263,8.543859429604895,3.72524622765118,4.309931482301063,4.598971990621033,4.934632209450829,3.149172777461379,3.2762193176060084,3.1811039842558992,4.831979114434779,4.1640293405462785,2023-12-23 15:16:21.818181816,2027-05-07 04:21:49.090909088
83,Cyber Chronicles 83,Game Engine,Horror,PlayStation,Gold Master,49,1.526907548171694,28,61.88225220037178,26.38854802957289,0.7527003692740118,0.41633358995977043,3.505067375697908,4,360,24,34.60686131516509,72.81128052903885,3.5033273770289663,8.056103961276733,3.953669734967565,4.819582101843554,2.7908397034423396,1.1149613382864505,2.6630803263560536,4.213238266602424,4.306840408702958,2.5103842098314204,3.961807147516044,2024-01-01 13:05:27.272727272,2027-05-20 09:27:16.363636368
84,Light Chronicles 84,Game Engine,Racing,Xbox,Beta,28,3.9598638775043447,24,13.856314533504403,42.235422279017186,0.8716763655226158,0.34923891162074816,4.059547893033294,1,1019,44,41.53450382072038,94.59504871087393,3.034442718724541,7.429017281050131,4.704927179103585,4.675451616109895,3.8545844889046563,1.7290304680894857,3.67728898715688,3.783108502063527,2.518289522376774,2.98600525969537,2.8612173715730784,2024-01-10 10:54:32.727272720,2027-06-02 14:32:43.636363632
85,Storm Heroes 85,Game Engine,Strategy,Xbox,Production,65,41.22290574732899,18,89.54608395033559,29.21090063704395,0.8110111992541659,0.3857017000007936,4.430620076026085,1,638,30,27.758930079904857,68.50287993872819,3.3190605642620845,6.2549180461097444,4.462680996120373,4.628755380813956,4.6444129747183585,3.3816513308383556,3.0627082223997704,3.9408282666089693,3.4718323396419457,4.139007507839105,4.11210302439899,2024-01-19 08:43:38.181818176,2027-06-15 19:38:10.909090912
86,Dark Realm 86,DLC Content,Puzzle,Xbox,Gold Master,119,38.89951705860964,20,51.77620222804559,40.17939928249094,0.8288774247819394,0.2584233642776105,4.342520974791865,4,845,30,42.71018367032189,88.15063781735563,3.0430976765420827,8.663061234750593,4.867495949784104,4.530037066686124,3.2472847455632774,2.9597094853745847,4.28785826230364,4.626057357578826,2.2420447390211757,2.9782013881783778,4.340453037673484,2024-01-28 06:32:43.636363632,2027-06-29 00:43:38.181818176
87,Dark Saga 87,Mobile Game,Action,PC,Live Operations,40,2.1054493568287587,35,90.8159752307669,28.838352339394156,0.9487019697758198,0.31129091016162624,4.721127386539609,1,414,3,8.478407155175494,69.07341181022156,3.504598545208661,8.347166028265573,4.282016987352174,4.077943369109764,2.8410678545542996,4.5720653386586125,4.076387140163586,4.057049983238778,4.85497764356992,4.548772848952523,2.9453034393349387,2024-02-06 04:21:49.090909088,2027-07-12 05:49:05.454545456
88,Light Empire 88,Live Service,Action,PlayStation,Pre-production,83,42.51891348727124,25,90.93384414306661,38.34619674609773,0.8820162371889659,0.44096053725046436,4.488776530426029,3,747,39,46.75168171846418,60.86322520585868,4.976816496305421,6.828943684948578,4.07471716374376,4.627787339358881,3.067787241194454,3.8393984721700427,2.9976527937611452,4.881116332719806,1.521170669992971,4.79535181604205,4.477683453612232,2024-02-15 02:10:54.545454544,2027-07-25 10:54:32.727272736
89,Ice Realm 89,Live Service,Simulation,Xbox,Production,94,48.046126859385055,31,43.68765691839316,41.05618256244003,0.9694760288111469,0.390731824454533,3.700122931617358,1,1636,35,39.08113048772027,73.70543588009149,4.401114674898514,6.452288231116029,4.098231628907368,4.407112747100317,3.1682428793819155,2.6864058801406228,4.279471294600182,3.323009432366875,2.9031550639404955,2.785345682418481,3.525595647355688,2024-02-24 00:00:00.000000000,2027-08-07 16:00:00.000000000
90,Storm Saga 90,Indie Game,Racing,Nintendo Switch,Pre-production,91,6.057150305934244,45,62.06055412421804,38.18255215195147,0.7859981772136182,0.48117868313379397,4.353329086158892,5,728,15,6.252925692408586,87.32383091748108,3.1672870792624,6.602162343081102,3.7467423807788816,3.874971402865683,4.573961806926307,4.6251787856260735,3.8765526979287066,4.755510262825201,3.635265534289468,4.055016966666768,4.7236780851144085,2024-03-03 21:49:05.454545448,2027-08-20 21:05:27.272727280
91,Light Wars 91,AAA Game,Racing,PC,Pre-production,65,1.4877465515867097,25,84.1764216496016,30.462253330029085,0.8756055421308205,0.3983691314122957,3.1848821378258068,2,573,6,39.2190420518132,81.89980188149431,4.5682932539957575,7.097100342376171,3.607705687023817,4.465374169051703,3.139940622723838,4.109917385787375,3.074322665404126,4.341346077882827,3.1220376917675816,4.452454364347123,4.580763554288113,2024-03-12 19:38:10.909090904,2027-09-03 02:10:54.545454544
92,Fire Realm 92,Mobile Game,Puzzle,PC,Beta,80,12.366263829067588,17,26.500940831608972,38.81715669218596,0.779384479612556,0.43169343121280945,3.400489429138418,6,1257,7,16.684911712744622,72.35241082080306,3.095870173312174,6.185562053659897,4.213704883774005,4.769928748580866,4.855936910695618,4.102872680684151,3.213265377739031,3.6209830968425445,1.7059591820859294,3.6153501378601236,3.7061512900838456,2024-03-21 17:27:16.363636360,2027-09-16 07:16:21.818181824
93,Dark Arena 93,Live Service,Action,PC,Gold Master,66,16.82951425485601,47,92.42793032195412,25.240710595781398,0.7866822185566087,0.1401439012113823,4.552120498086239,7,673,0,26.74853662664682,85.97549086800909,3.7954445883296644,7.1532160739485375,3.6878036717460176,4.129836489531473,4.82167989315695,2.960806094207035,2.613028049267877,4.327507491752519,2.502881246171712,4.482001926980718,2.7320688560713204,2024-03-30 15:16:21.818181816,2027-09-29 12:21:49.090909088
94,Dark Chronicles 94,Live Service,Puzzle,PC,Beta,6,48.30263667107543,23,32.69465784015581,34.530933866975744,0.9061128112454994,0.35815253538101477,3.22094617354068,7,1900,24,39.35598105559774,69.04282268070824,4.750530265922447,6.588467422241216,4.866570052492287,4.685736998989695,4.70315728148749,1.930829622198733,4.635600944790096,4.175119628916465,1.1528345864821548,4.793121623494723,2.9866044452654013,2024-04-08 13:05:27.272727272,2027-10-12 17:27:16.363636368
95,Fire Saga 95,Mobile Game,Racing,Nintendo Switch,Live Operations,54,18.440302273276952,11,38.146948245500816,29.048169717903875,0.995314333561322,0.32515747609584167,3.297716204130361,4,681,27,42.53888105367669,66.95167675680584,3.10537592852662,7.113899045032319,4.032267530784843,4.246511006830062,4.497451632107452,1.0385862021177088,4.024440384249521,4.970308062687851,2.476443425762637,3.455172310649501,4.069937807689938,2024-04-17 10:54:32.727272720,2027-10-25 22:32:43.636363632
96,Fantasy Heroes 96,Mobile Game,RPG,VR Headsets,Live Operations,36,3.4570262667967135,45,25.886673146989615,43.28733894177562,0.9613923065033247,0.11830986521357763,4.413391639422745,3,530,7,14.261479210752839,88.02534339276728,3.1820339724195907,7.785509733995378,4.794501309165975,3.8872268863760406,4.087219325528954,3.046467006984897,2.9958234038885116,3.201349075441807,3.641238244390551,2.9281338929313865,3.347297588981374,2024-04-26 08:43:38.181818176,2027-11-08 03:38:10.909090912
97,Dragon Kingdom 97,AR Application,Puzzle,PC,Gold Master,71,12.818608837890876,8,57.628175432012696,25.27910837589325,0.9475534092405496,0.21475628054688542,3.6655349874344303,1,1084,11,35.934525151654505,73.81505406254831,3.5214752389029007,6.176708862959462,4.9273466461494255,4.440289251979678,4.291029045898636,2.8754084383621143,2.699624377877797,4.9908254072406,4.8630631469904175,4.5799816476283395,4.790322837051931,2024-05-05 06:32:43.636363632,2027-11-21 08:43:38.181818176
98,Shadow Realm 98,Live Service,Horror,Web Browser,Alpha,27,22.900267450541303,53,64.63810612552129,45.131742041508446,0.910752420025996,0.44787140645903,4.217264826777832,2,1142,36,8.617642844995785,68.26736734765748,4.36726869868861,7.434496746758515,4.311226221194238,4.155298264652005,4.591755420458978,4.997820318397683,2.9366183248836304,4.437303223447699,1.5186210256561634,4.227295808568322,3.5771284275849924,2024-05-14 04:21:49.090909088,2027-12-04 13:49:05.454545456
99,Dark Quest 99,AAA Game,RPG,Web Browser,Live Operations,105,3.5317941965424184,15,60.66509479027844,46.4617145923327,0.873107457018892,0.1864454761809886,4.71806677295916,1,614,31,20.026171310579805,73.20201321419681,4.2437935274918,8.599294037908418,4.507802876409941,4.1909216441758295,3.622176341855843,4.548635334735078,3.917006539170199,3.779682561382047,3.320690984155087,3.9329970391146527,3.7056884685282894,2024-05-23 02:10:54.545454544,2027-12-17 18:54:32.727272736
100,Fire Chronicles 100,AAA Game,Fighting,Xbox,Alpha,37,26.826415424675993,33,96.94568672046003,30.512668986298667,0.7310122683161967,0.34763832450540766,4.4551367201425975,4,1116,29,22.270571956893278,72.31357860525658,4.080173955488119,8.874894954132305,4.94292799434076,4.160849267436234,4.2003966026010975,3.8876491879660846,3.960251384784069,3.2260205084512745,3.0657977370129723,4.289754822846069,3.0020238912055914,2024-06-01 00:00:00.000000000,2027-12-31 00:00:00.000000000
